  1,         base- 1日目の予定,    10,    10,    10,     0
  2,         base- 2日目の予定,    10,    10,    10,     0
  3,         base- 3日目の予定,    10,    10,    10,     0
  4,         base- 4日目の予定,    10,    10,    10,     0
  5,         base- 5日目の予定,    10,    10,    10,     0
  6,         base- 6日目の予定,    10,    10,    10,     0
  7,         base- 7日目の予定,    10,    10,    10,     0
  8,         base- 8日目の予定,    10,    10,    10,     0
  9,         base- 9日目の予定,    10,    10,    10,     0
 10,         base-10日目の予定,    10,    10,    10,     0
 11,         base-11日目の予定,    10,    10,    10,     0
 12,         base-12日目の予定,    10,    10,    10,     0
 13,         base-13日目の予定,    10,    10,    10,     0
 14,         base-14日目の予定,    10,    10,    10,     0
 15,         base-15日目の予定,    10,    10,    10,     0
 16,         base-16日目の予定,    10,    10,    10,     0
 17,         base-17日目の予定,    10,    10,    10,     0
 18,         base-18日目の予定,    10,    10,    10,     0
 19,         base-19日目の予定,    10,    10,    10,     0
 20,         base-20日目の予定,    10,    10,    10,     0
 21,         base-21日目の予定,    10,    10,    10,     0
 22,         base-22日目の予定,    10,    10,    10,     0
 23,         base-23日目の予定,    10,    10,    10,     0
 24,         base-24日目の予定,    10,    10,    10,     0
 25,         base-25日目の予定,    10,    10,    10,     0
 26,         base-26日目の予定,    10,    10,    10,     0
 27,         base-27日目の予定,    10,    10,    10,     0
 28,         base-28日目の予定,    10,    10,    10,     0
 29,         base-29日目の予定,    10,    10,    10,     0
 30,         base-30日目の予定,    10,    10,    10,     0
 31,         base-31日目の予定,    10,    10,    10,     0
 32,         base-32日目の予定,    10,    10,    10,     0
 33,         base-33日目の予定,    10,    10,    10,     0
 34,         base-34日目の予定,    10,    10,    10,     0
 35,         base-35日目の予定,    10,    10,    10,     0
 36,         base-36日目の予定,    10,    10,    10,     0
 37,         base-37日目の予定,    10,    10,    10,     0
 38,         base-38日目の予定,    10,    10,    10,     0
 39,         base-39日目の予定,    10,    10,    10,     0
 40,         base-40日目の予定,    10,    10,    10,     0
 41,         base-41日目の予定,    10,    10,    10,     0
 42,         base-42日目の予定,    10,    10,    10,     0
 43,         base-43日目の予定,    10,    10,    10,     0
 44,         base-44日目の予定,    10,    10,    10,     0
